{"cameraMode":{"drawMode":0,"name":"Shaded","section":"Shading Mode"},"sceneLighting":false,"audioPlay":false,"sceneViewState":{"showFog":true,"showMaterialUpdate":false,"showSkybox":false,"showFlares":true,"showImageEffects":true,"showParticleSystems":true},"in2DMode":false,"pivot":{"x":-2.5384740829467775,"y":2.1440000534057619,"z":-5.940000057220459},"rotation":{"x":0.01952461153268814,"y":-0.9662458896636963,"z":0.07697881758213043,"w":0.24507519602775575},"size":0.17484837770462037,"orthographic":false}